id,name,group
astro-ph.HE,astro-ph.HE,physics
astro-ph.SR,astro-ph.SR,physics
cond-mat.mes-hall,cond-mat.mes-hall,physics
cond-mat.str-el,cond-mat.str-el,physics
cond-mat.supr-con,cond-mat.supr-con,physics
cs.AI,cs.AI,cs
cs.CL,cs.CL,cs
cs.CV,cs.CV,cs
cs.IT,cs.IT,cs
cs.LG,cs.LG,cs
cs.NE,cs.NE,cs
econ.EM,econ.EM,econ
eess.SP,eess.SP,eess
gr-qc,gr-qc,physics
hep-ph,hep-ph,physics
hep-th,hep-th,physics
math-ph,math-ph,math-ph
math.CA,math.CA,math
math.NA,math.NA,math
math.OC,math.OC,math
math.PR,math.PR,math
math.ST,math.ST,math
physics.app-ph,physics.app-ph,physics
physics.bio-ph,physics.bio-ph,physics
physics.chem-ph,physics.chem-ph,physics
physics.comp-ph,physics.comp-ph,physics
physics.ins-det,physics.ins-det,physics
physics.med-ph,physics.med-ph,physics
q-bio.GN,q-bio.GN,qbio
q-bio.QM,q-bio.QM,qbio
quant-ph,quant-ph,physics
stat.CO,stat.CO,stat
stat.ME,stat.ME,stat
stat.ML,stat.ML,stat
