citing,cited,year
0706.4138,math/0409186,2007
0805.4471,0706.4138,2008
0805.4471,0810.3286,2008
0805.4471,math/0409186,2008
0810.3286,0706.4138,2008
0810.3286,0805.4471,2008
0810.3286,math/0409186,2008
1312.6114,1401.4082,2013
1406.2661,1312.6114,2014
1409.0473,1406.1078,2014
1409.0473,1409.3215,2014
1409.1556,1409.4842,2014
1409.3215,1406.1078,2014
1409.3215,1409.0473,2014
1412.6980,1312.6114,2014
1502.03167,1409.1556,2015
1502.03167,1409.4842,2015
1502.03167,1506.02640,2015
1502.03167,1512.03385,2015
1502.03167,1608.06993,2015
1505.05424,1312.6114,2015
1505.05770,1312.6114,2015
1506.01497,1409.1556,2015
1506.01497,1409.4842,2015
1506.01497,1512.03385,2015
1506.02142,1312.6114,2015
1506.02142,1412.6980,2015
1506.02142,1505.05424,2015
1506.02557,1312.6114,2015
1506.02557,1412.6980,2015
1506.02557,1505.05424,2015
1506.02557,1506.02142,2015
1506.02640,1409.4842,2015
1506.02640,1506.01497,2015
1508.04025,1406.1078,2015
1508.04025,1409.0473,2015
1508.04025,1409.3215,2015
1508.07909,1406.1078,2015
1508.07909,1409.0473,2015
1508.07909,1409.3215,2015
1508.07909,1508.04025,2015
1509.00519,1312.6114,2015
1509.00519,1412.6980,2015
1509.00519,1505.05770,2015
1511.06434,1312.6114,2015
1511.06434,1406.2661,2015
1511.06434,1412.6980,2015
1511.06434,1502.03167,2015
1512.00567,1409.1556,2015
1512.00567,1409.4842,2015
1512.00567,1502.03167,2015
1512.03385,1409.1556,2015
1512.03385,1409.4842,2015
1512.03385,1502.03167,2015
1512.03385,1506.01497,2015
1603.05027,1409.1556,2016
1603.05027,1409.4842,2016
1603.05027,1502.03167,2016
1603.05027,1512.00567,2016
1603.05027,1512.03385,2016
1606.08415,1409.1556,2016
1606.08415,1412.6980,2016
1606.08415,1608.03983,2016
1607.06450,1406.1078,2016
1607.06450,1409.1556,2016
1607.06450,1409.3215,2016
1607.06450,1412.6980,2016
1607.06450,1502.03167,2016
1608.03983,1412.6980,2016
1608.03983,1512.03385,2016
1608.03983,1603.05027,2016
1608.03983,1608.06993,2016
1608.06993,1409.4842,2016
1608.06993,1502.03167,2016
1608.06993,1512.00567,2016
1608.06993,1512.03385,2016
1608.06993,1603.05027,2016
1609.08144,1406.1078,2016
1609.08144,1409.0473,2016
1609.08144,1409.3215,2016
1609.08144,1412.6980,2016
1609.08144,1508.04025,2016
1609.08144,1508.07909,2016
1609.08144,1512.03385,2016
1611.03530,1502.03167,2016
1611.03530,1512.00567,2016
1611.03530,1512.03385,2016
1611.05431,1409.1556,2016
1611.05431,1409.4842,2016
1611.05431,1502.03167,2016
1611.05431,1506.01497,2016
1611.05431,1512.00567,2016
1611.05431,1512.03385,2016
1611.05431,1603.05027,2016
1611.05431,1609.08144,2016
1612.01474,1505.05424,2016
1612.01474,1506.02142,2016
1612.01474,1506.02557,2016
1612.01474,1512.00567,2016
1612.01474,1512.03385,2016
1612.03144,1409.1556,2016
1612.03144,1506.01497,2016
1612.03144,1512.03385,2016
1701.07875,1312.6114,2017
1701.07875,1412.6980,2017
1701.07875,1511.06434,2017
1703.03906,1406.1078,2017
1703.03906,1409.0473,2017
1703.03906,1409.3215,2017
1703.03906,1409.4842,2017
1703.03906,1508.04025,2017
1703.03906,1508.07909,2017
1703.03906,1512.03385,2017
1703.03906,1608.06993,2017
1703.03906,1609.08144,2017
1704.00028,1412.6980,2017
1704.00028,1511.06434,2017
1704.00028,1607.06450,2017
1704.00028,1701.07875,2017
1704.02916,1312.6114,2017
1704.02916,1505.05770,2017
1704.02916,1509.00519,2017
1704.05018,1411.4028,2017
1705.03122,1406.1078,2017
1705.03122,1409.0473,2017
1705.03122,1409.3215,2017
1705.03122,1502.03167,2017
1705.03122,1508.04025,2017
1705.03122,1508.07909,2017
1705.03122,1512.03385,2017
1705.03122,1607.06450,2017
1705.03122,1609.08144,2017
1706.03762,1406.1078,2017
1706.03762,1409.0473,2017
1706.03762,1409.3215,2017
1706.03762,1412.6980,2017
1706.03762,1508.04025,2017
1706.03762,1508.07909,2017
1706.03762,1512.00567,2017
1706.03762,1512.03385,2017
1706.03762,1607.06450,2017
1706.03762,1609.08144,2017
1706.03762,1703.03906,2017
1706.03762,1705.03122,2017
1711.00464,1412.6980,2017
1711.00464,1505.05770,2017
1711.00464,1509.00519,2017
1711.00464,1611.03530,2017
1711.00464,1706.03762,2017
1711.05101,1412.6980,2017
1711.05101,1511.06434,2017
1711.05101,1608.03983,2017
1711.05101,1608.06993,2017
1711.05101,1904.09237,2017
1801.00862,1411.4028,2018
1802.05365,1412.6980,2018
1802.05365,1607.06450,2018
1802.05957,1409.4842,2018
1802.05957,1412.6980,2018
1802.05957,1502.03167,2018
1802.05957,1511.06434,2018
1802.05957,1512.03385,2018
1802.05957,1607.06450,2018
1802.05957,1704.00028,2018
1803.00745,1704.05018,2018
1803.03635,1409.1556,2018
1803.03635,1412.6980,2018
1803.03635,1502.03167,2018
1803.03635,1506.02142,2018
1803.03635,1506.02557,2018
1803.03635,1512.03385,2018
1803.03635,1611.03530,2018
1803.11173,1411.4028,2018
1803.11173,1502.03167,2018
1803.11173,1512.03385,2018
1803.11173,1704.05018,2018
1803.11173,1801.00862,2018
1804.07461,1409.0473,2018
1804.07461,1412.6980,2018
1804.07461,1706.03762,2018
1804.07461,1802.05365,2018
1804.11326,1704.05018,2018
1804.11326,1801.00862,2018
1804.11326,1803.00745,2018
1806.07366,1412.6980,2018
1806.07366,1505.05770,2018
1806.07366,1512.03385,2018
1806.07366,1603.05027,2018
1806.07572,1406.2661,2018
1806.07572,1611.03530,2018
1808.03570,1409.1556,2018
1808.03570,1409.4842,2018
1808.03570,1608.06993,2018
1809.09795,1802.05365,2018
1810.04805,1609.08144,2018
1810.04805,1706.03762,2018
1810.04805,1802.05365,2018
1810.04805,1804.07461,2018
1901.02860,1409.0473,2019
1901.02860,1706.03762,2019
1901.02860,1802.05365,2019
1901.02860,1810.04805,2019
1902.06720,1512.03385,2019
1902.06720,1806.07572,2019
1902.06720,1810.04805,2019
1904.09237,1412.6980,2019
1905.10876,1704.05018,2019
1905.10876,1801.00862,2019
1905.10876,1803.11173,2019
1905.10876,1804.11326,2019
1906.08237,1706.03762,2019
1906.08237,1802.05365,2019
1906.08237,1804.07461,2019
1906.08237,1810.04805,2019
1906.08237,1901.02860,2019
1906.08237,1907.11692,2019
1907.10477,1312.6114,2019
1907.10477,1412.6980,2019
1907.10477,1509.00519,2019
1907.10477,1704.02916,2019
1907.11692,1412.6980,2019
1907.11692,1508.07909,2019
1907.11692,1606.08415,2019
1907.11692,1706.03762,2019
1907.11692,1802.05365,2019
1907.11692,1804.07461,2019
1907.11692,1810.04805,2019
1907.11692,1906.08237,2019
2005.14165,1706.03762,2020
2005.14165,1810.04805,2020
2005.14165,1901.02860,2020
2005.14165,1906.08237,2020
2005.14165,1907.11692,2020
2012.11009,1412.6980,2020
2112.07461,1411.4028,2021
2112.07461,1704.05018,2021
