u,v,w
0,1,1
0,2,1
0,79,1
1,2,2
1,79,1
2,79,1
3,4,1
3,6,1
3,12,1
3,14,1
3,15,1
3,17,1
3,18,1
3,22,1
3,23,1
3,36,1
3,39,1
3,68,1
5,7,1
5,9,1
5,20,1
5,21,1
5,28,1
5,31,1
5,37,1
5,41,1
5,42,1
6,23,1
6,54,1
7,9,2
7,20,1
7,21,1
7,31,1
7,37,1
7,41,1
7,42,1
7,51,1
7,58,1
8,10,1
8,13,1
8,16,1
8,24,1
8,25,1
8,26,1
8,27,1
8,28,1
8,33,1
8,35,1
8,49,1
8,55,1
9,20,1
9,21,1
9,28,1
9,31,1
9,37,1
9,41,1
9,42,1
10,13,1
10,16,1
10,19,1
10,24,1
10,25,1
10,26,1
10,30,1
10,33,1
10,37,1
10,47,1
10,55,1
11,40,1
11,45,1
11,50,1
11,78,1
12,17,1
12,18,1
12,22,1
12,23,1
12,27,1
12,28,1
12,29,1
12,31,1
12,36,1
12,38,1
12,42,1
12,43,1
12,44,1
12,46,1
12,47,1
12,49,1
12,51,1
12,53,1
12,60,1
12,68,1
12,69,1
12,75,1
13,19,1
13,23,1
13,24,1
13,25,2
13,26,1
13,28,1
13,30,2
13,32,1
13,33,1
13,41,1
13,47,1
13,49,1
13,50,1
14,17,1
14,18,1
14,34,1
15,22,1
15,39,1
15,43,1
15,53,1
16,19,1
16,25,2
16,33,1
16,35,1
17,18,1
17,34,1
17,49,1
18,34,1
18,49,1
20,21,1
20,31,1
20,37,1
20,41,1
20,42,1
21,31,1
21,37,1
21,41,1
21,42,1
21,69,1
22,39,1
22,43,1
22,68,1
23,36,1
23,38,1
23,44,1
23,47,1
24,26,1
24,30,1
24,32,1
24,33,1
24,34,1
24,42,1
25,26,1
25,29,1
25,30,1
25,31,1
25,32,1
25,33,1
25,34,1
25,35,1
25,37,1
25,41,1
25,42,1
25,47,1
25,49,1
25,50,1
25,53,1
25,59,1
26,29,1
26,30,1
26,33,1
26,53,1
27,29,1
27,69,1
28,38,1
28,41,1
28,42,1
28,46,1
28,47,1
29,30,1
29,44,1
30,37,1
30,44,1
30,55,1
31,33,1
31,37,1
31,41,1
31,42,1
31,57,1
32,43,1
32,49,1
32,54,1
36,38,1
37,42,1
38,47,1
39,68,1
40,48,1
40,50,1
40,52,1
40,65,1
40,78,1
41,42,1
42,43,1
42,51,1
42,57,1
42,58,1
42,67,1
42,69,1
42,71,1
44,60,1
45,50,1
45,52,1
45,65,1
46,51,1
46,56,1
46,57,1
46,58,1
46,67,1
46,69,1
48,52,1
50,65,1
51,57,1
51,67,1
51,69,1
52,65,1
54,59,1
57,58,1
57,59,1
57,67,1
57,69,1
57,71,1
58,67,1
58,71,1
67,69,2
67,71,1
69,71,1
