idx,arxiv_id,primary_cat
0,0706.4138,math.OC
1,0805.4471,cs.IT
2,0810.3286,math.OC
3,1312.6114,stat.ML
4,1401.4082,stat.ML
5,1406.1078,cs.CL
6,1406.2661,stat.ML
7,1409.0473,cs.CL
8,1409.1556,cs.CV
9,1409.3215,cs.CL
10,1409.4842,cs.CV
11,1411.4028,quant-ph
12,1412.6980,cs.LG
13,1502.03167,cs.LG
14,1505.05424,stat.ML
15,1505.05770,stat.ML
16,1506.01497,cs.CV
17,1506.02142,stat.ML
18,1506.02557,stat.ML
19,1506.02640,cs.CV
20,1508.04025,cs.CL
21,1508.07909,cs.CL
22,1509.00519,cs.LG
23,1511.06434,cs.LG
24,1512.00567,cs.CV
25,1512.03385,cs.CV
26,1603.05027,cs.CV
27,1606.08415,cs.LG
28,1607.06450,stat.ML
29,1608.03983,cs.LG
30,1608.06993,cs.CV
31,1609.08144,cs.CL
32,1611.03530,cs.LG
33,1611.05431,cs.CV
34,1612.01474,stat.ML
35,1612.03144,cs.CV
36,1701.07875,stat.ML
37,1703.03906,cs.CL
38,1704.00028,cs.LG
39,1704.02916,stat.ML
40,1704.05018,quant-ph
41,1705.03122,cs.CL
42,1706.03762,cs.CL
43,1711.00464,cs.LG
44,1711.05101,cs.LG
45,1801.00862,quant-ph
46,1802.05365,cs.CL
47,1802.05957,cs.LG
48,1803.00745,quant-ph
49,1803.03635,cs.LG
50,1803.11173,quant-ph
51,1804.07461,cs.CL
52,1804.11326,quant-ph
53,1806.07366,cs.LG
54,1806.07572,cs.LG
55,1808.03570,cs.CL
56,1809.09795,cs.CL
57,1810.04805,cs.CL
58,1901.02860,cs.LG
59,1902.06720,stat.ML
60,1904.09237,cs.LG
61,1904.12070,math.ST
62,1904.12775,math.ST
63,1905.00206,math.PR
64,1905.02618,math.ST
65,1905.10876,quant-ph
66,1906.01513,physics.med-ph
67,1906.08237,cs.CL
68,1907.10477,stat.ML
69,1907.11692,cs.CL
70,2005.11454,q-bio.QM
71,2005.14165,cs.CL
72,2006.04566,q-bio.GN
73,2012.10103,gr-qc
74,2012.10227,gr-qc
75,2012.11009,physics.comp-ph
76,2012.11196,hep-ph
77,2012.11536,gr-qc
78,2112.07461,quant-ph
79,math/0409186,math.NA
